{
  "model_name": "Qwen/Qwen2.5-1.5B-Instruct",
  "num_pairs": 300,
  "layers_extracted": [
    0,
    7,
    14,
    21,
    28
  ],
  "num_model_layers": 28,
  "vector_norms": {
    "0": 0.0,
    "7": 0.2469906359910965,
    "14": 0.2736096680164337,
    "21": 3.655276298522949,
    "28": 5.818705081939697
  }
}