{
  "N=1": {
    "peak_delta": 20.66917422413826,
    "tokens_to_50pct": 0,
    "tokens_to_10pct": 0,
    "post5_mean": 0.342844668229421,
    "post10_mean": 0.19900231420993808,
    "kv_vs_nocache_t": -5.223975089510559,
    "kv_vs_nocache_p": 2.3972319127552843e-06,
    "kv_vs_nocache_d": -0.9753216290115456,
    "exp_fit": {
      "A": 0.5722429824217091,
      "tau": 5.818366478838421,
      "C": -0.10114695572726311,
      "R2": 0.5059096119280491
    }
  },
  "N=3": {
    "peak_delta": 16.552531679471333,
    "tokens_to_50pct": 0,
    "tokens_to_10pct": 0,
    "post5_mean": 0.5768124651908875,
    "post10_mean": 0.34069569786389664,
    "kv_vs_nocache_t": 2.7483348733360615,
    "kv_vs_nocache_p": 0.0079347440831543,
    "kv_vs_nocache_d": 0.5302055606793801,
    "exp_fit": {
      "A": 1.1389719881854423,
      "tau": 3.3463132534046016,
      "C": -0.07858961535506497,
      "R2": 0.8887717322458519
    }
  },
  "N=5": {
    "peak_delta": 12.212921875715256,
    "tokens_to_50pct": 0,
    "tokens_to_10pct": 1,
    "post5_mean": 0.6263101547956468,
    "post10_mean": 0.35633329818646114,
    "kv_vs_nocache_t": 3.7389625429645075,
    "kv_vs_nocache_p": 0.00041975977985120766,
    "kv_vs_nocache_d": 0.7347643182292718,
    "exp_fit": {
      "A": 1.4281270993153516,
      "tau": 2.420193943447902,
      "C": -0.07888574223253855,
      "R2": 0.905014381294462
    }
  },
  "N=10": {
    "peak_delta": 28.49559818704923,
    "tokens_to_50pct": 0,
    "tokens_to_10pct": 1,
    "post5_mean": 1.4450461006164552,
    "post10_mean": 0.8053028434514999,
    "kv_vs_nocache_t": 17.82736420014607,
    "kv_vs_nocache_p": 1.9710358822635606e-25,
    "kv_vs_nocache_d": 3.4107813567234375,
    "exp_fit": {
      "A": 3.6631634857405158,
      "tau": 1.21285337452253,
      "C": 0.09735011416853952,
      "R2": 0.9744570102882449
    }
  },
  "continuous_mean": 24.31168375107149
}